<?xml version="1.0" encoding="UTF-8" standalone="yes"?>
<addon id="repository.leopheard" name="leopheard Repo" version="1.0.0" provider-name="leopheard">
	<extension point="xbmc.addon.repository" name="leopheard Repo">
		<dir minversion="17.0">
			<info compressed="false">https://raw.githubusercontent.com/leopheard/leopheard/master/packages/leia/addons.xml</info>
			<checksum>https://raw.githubusercontent.com/leopheard/leopheard/master/packages/leia/addons.xml.md5</checksum>
			<datadir zip="true">https://raw.githubusercontent.com/leopheard/leopheard/master/packages/leia/</datadir>
		</dir>
	</extension>
	<extension point="xbmc.addon.metadata">
		<summary>leopheard</summary>
		<description>leopheard Repository</description>
		<platform>all</platform>
		<assets>
			<icon>icon.png</icon>
			<fanart>fanart.png</fanart>
		</assets>
	</extension>
</addon>
